artifact_path,completed_at,last_heartbeat_at,lease_token,objective_loss,param_x1,param_x2,status,trial_id
state/trials/trial_1/ingest_payload.json,1774185347.5095959,1774185347.44765,64b843ef89ef485b65d09631d681077c,0.115,0.18126486333322134,0.6614305484952444,ok,1
state/trials/trial_2/ingest_payload.json,1774185347.571264,,111961171b99931d6d33fef722eb1d06,0.082,0.6771258268002703,0.7849113560871108,ok,2
