{
  "schema_version": "0.3.0",
  "trial_id": 1,
  "params": {
    "x1": 0.18126486333322134,
    "x2": 0.6614305484952444
  },
  "objectives": {
    "loss": 0.115
  },
  "status": "ok"
}
