{
  "meta": {
    "created_at": 1772049465.5840378,
    "seed": 17
  },
  "observations": [
    {
      "trial_id": 1,
      "params": {
        "x1": 0.18126486333322134,
        "x2": 0.6614305484952444
      },
      "objectives": {
        "loss": null
      },
      "status": "timeout",
      "penalty_objective": 1000000000000.0,
      "completed_at": 1772049465.675209
    }
  ],
  "pending": [],
  "next_trial_id": 2,
  "best": null
}
