completed_at,objective_loss,param_x1,param_x2,status,trial_id
1772049465.675209,0.2111145292728927,0.18126486333322134,0.6614305484952444,ok,1
