{
  "trial_id": 1,
  "params": {
    "x1": 0.18126486333322134,
    "x2": 0.6614305484952444
  },
  "suggested_at": 1772049465.584053
}
