{
  "schema_version": "0.3.0",
  "count": 2,
  "suggestions": [
    {
      "schema_version": "0.3.0",
      "trial_id": 1,
      "params": {
        "x1": 0.18126486333322134,
        "x2": 0.6614305484952444
      },
      "suggested_at": 1774231703.229741
    },
    {
      "schema_version": "0.3.0",
      "trial_id": 2,
      "params": {
        "x1": 0.6771258268002703,
        "x2": 0.7849113560871108
      },
      "suggested_at": 1774231703.229773
    }
  ]
}
