{
  "schema_version": "0.3.0",
  "trial_id": 2,
  "params": {
    "x1": 0.6771258268002703,
    "x2": 0.7849113560871108
  },
  "suggested_at": 1774146358.944462
}
